from,to,line,latitude.x,longitude.x,name.x,display_name.x,zone.x,total_lines.x,rail.x,latitude.y,longitude.y,name.y,display_name.y,zone.y,total_lines.y,rail.y,geometry
11,163,1,51.5226,-0.1571,Baker Street,Baker<br />Street,1,5,0,51.5225,-0.1631,Marylebone,NULL,1,1,1,"(-0.157100 51.522600, -0.163100 51.522500)"
11,212,1,51.5226,-0.1571,Baker Street,Baker<br />Street,1,5,0,51.5234,-0.1466,Regent's Park,Regent's<br />Park,1,1,0,"(-0.157100 51.522600, -0.146600 51.523400)"
49,87,1,51.508,-0.1247,Charing Cross,Charing<br />Cross,1,2,1,51.5074,-0.1223,Embankment,NULL,1,4,0,"(-0.124700 51.508000, -0.122300 51.507400)"
49,197,1,51.508,-0.1247,Charing Cross,Charing<br />Cross,1,2,1,51.5098,-0.1342,Piccadilly Circus,Piccadilly<br />Circus,1,2,0,"(-0.124700 51.508000, -0.134200 51.509800)"
82,163,1,51.5199,-0.1679,Edgware Road (B),Edgware<br />Road,1,1,0,51.5225,-0.1631,Marylebone,NULL,1,1,1,"(-0.167900 51.519900, -0.163100 51.522500)"
82,193,1,51.5199,-0.1679,Edgware Road (B),Edgware<br />Road,1,1,0,51.5154,-0.1755,Paddington,NULL,1,4,1,"(-0.167900 51.519900, -0.175500 51.515400)"
84,148,1,51.4943,-0.1001,Elephant & Castle,Elephant &<br />Castle,1.5,2,1,51.4991,-0.1115,Lambeth North,Lambeth<br />North,1,1,0,"(-0.100100 51.494300, -0.111500 51.499100)"
87,279,1,51.5074,-0.1223,Embankment,NULL,1,4,0,51.5036,-0.1143,Waterloo,NULL,1,4,1,"(-0.122300 51.507400, -0.114300 51.503600)"
113,246,1,51.5362,-0.2575,Harlesden,NULL,3,1,0,51.5439,-0.2759,Stonebridge Park,Stonebridge<br />Park,3,1,0,"(-0.257500 51.536200, -0.275900 51.543900)"
113,298,1,51.5362,-0.2575,Harlesden,NULL,3,1,0,51.5326,-0.2478,Willesden Junction,Willesden<br />Junction,2.5,1,1,"(-0.257500 51.536200, -0.247800 51.532600)"
114,140,1,51.5925,-0.3351,Harrow & Wealdstone,Harrow &<br />Wealdstone,5,1,1,51.5816,-0.3162,Kenton,NULL,4,1,0,"(-0.335100 51.592500, -0.316200 51.581600)"
137,206,1,51.5304,-0.225,Kensal Green,Kensal<br />Green,2,1,0,51.5341,-0.2047,Queen's Park,Queens<br />Park,2,1,1,"(-0.225000 51.530400, -0.204700 51.534100)"
137,298,1,51.5304,-0.225,Kensal Green,Kensal<br />Green,2,1,0,51.5326,-0.2478,Willesden Junction,Willesden<br />Junction,2.5,1,1,"(-0.225000 51.530400, -0.247800 51.532600)"
140,237,1,51.5816,-0.3162,Kenton,NULL,4,1,0,51.5701,-0.3081,South Kenton,South<br />Kenton,4,1,0,"(-0.316200 51.581600, -0.308100 51.570100)"
143,159,1,51.5351,-0.1939,Kilburn Park,Kilburn<br />Park,2,1,0,51.53,-0.1854,Maida Vale,Maida<br />Vale,2,1,0,"(-0.193900 51.535100, -0.185400 51.530000)"
143,206,1,51.5351,-0.1939,Kilburn Park,Kilburn<br />Park,2,1,0,51.5341,-0.2047,Queen's Park,Queens<br />Park,2,1,1,"(-0.193900 51.535100, -0.204700 51.534100)"
148,279,1,51.4991,-0.1115,Lambeth North,Lambeth<br />North,1,1,0,51.5036,-0.1143,Waterloo,NULL,1,4,1,"(-0.111500 51.499100, -0.114300 51.503600)"
159,278,1,51.53,-0.1854,Maida Vale,Maida<br />Vale,2,1,0,51.5235,-0.1835,Warwick Avenue,Warwick<br />Avenue,2,1,0,"(-0.185400 51.530000, -0.183500 51.523500)"
185,237,1,51.5621,-0.3034,North Wembley,North<br />Wembley,4,1,0,51.5701,-0.3081,South Kenton,South<br />Kenton,4,1,0,"(-0.303400 51.562100, -0.308100 51.570100)"
185,281,1,51.5621,-0.3034,North Wembley,North<br />Wembley,4,1,0,51.5519,-0.2963,Wembley Central,Wembley<br />Central,4,1,1,"(-0.303400 51.562100, -0.296300 51.551900)"
192,197,1,51.515,-0.1415,Oxford Circus,Oxford<br />Circus,1,3,0,51.5098,-0.1342,Piccadilly Circus,Piccadilly<br />Circus,1,2,0,"(-0.141500 51.515000, -0.134200 51.509800)"
192,212,1,51.515,-0.1415,Oxford Circus,Oxford<br />Circus,1,3,0,51.5234,-0.1466,Regent's Park,Regent's<br />Park,1,1,0,"(-0.141500 51.515000, -0.146600 51.523400)"
193,278,1,51.5154,-0.1755,Paddington,NULL,1,4,1,51.5235,-0.1835,Warwick Avenue,Warwick<br />Avenue,2,1,0,"(-0.175500 51.515400, -0.183500 51.523500)"
246,281,1,51.5439,-0.2759,Stonebridge Park,Stonebridge<br />Park,3,1,0,51.5519,-0.2963,Wembley Central,Wembley<br />Central,4,1,1,"(-0.275900 51.543900, -0.296300 51.551900)"
13,156,2,51.5133,-0.0886,Bank,NULL,1,4,0,51.5178,-0.0823,Liverpool Street,Liverpool<br />Street,1,4,1,"(-0.088600 51.513300, -0.082300 51.517800)"
13,250,2,51.5133,-0.0886,Bank,NULL,1,4,0,51.5146,-0.0973,St. Paul's,St. Paul's,1,1,0,"(-0.088600 51.513300, -0.097300 51.514600)"
16,91,2,51.5856,0.0887,Barkingside,NULL,4,1,0,51.596,0.0912,Fairlop,NULL,4,1,0,"(0.088700 51.585600, 0.091200 51.596000)"
16,173,2,51.5856,0.0887,Barkingside,NULL,4,1,0,51.5756,0.0899,Newbury Park,Newbury<br />Park,4,1,0,"(0.088700 51.585600, 0.089900 51.575600)"
24,156,2,51.527,-0.0549,Bethnal Green,Bethnal<br />Green,2,1,0,51.5178,-0.0823,Liverpool Street,Liverpool<br />Street,1,4,1,"(-0.054900 51.527000, -0.082300 51.517800)"
24,164,2,51.527,-0.0549,Bethnal Green,Bethnal<br />Green,2,1,0,51.5249,-0.0332,Mile End,Mile<br />End,2,3,0,"(-0.054900 51.527000, -0.033200 51.524900)"
28,162,2,51.5142,-0.1494,Bond Street,Bond<br />Street,1,2,0,51.5136,-0.1586,Marble Arch,Marble<br />Arch,1,1,0,"(-0.149400 51.514200, -0.158600 51.513600)"
28,192,2,51.5142,-0.1494,Bond Street,Bond<br />Street,1,2,0,51.515,-0.1415,Oxford Circus,Oxford<br />Circus,1,3,0,"(-0.149400 51.514200, -0.141500 51.515000)"
37,158,2,51.6266,0.0471,Buckhurst Hill,Buckhurst<br />Hill,5,1,0,51.6412,0.0558,Loughton,NULL,6,1,0,"(0.047100 51.626600, 0.055800 51.641200)"
37,301,2,51.6266,0.0471,Buckhurst Hill,Buckhurst<br />Hill,5,1,0,51.607,0.0341,Woodford,NULL,4,1,0,"(0.047100 51.626600, 0.034100 51.607000)"
48,126,2,51.5185,-0.1111,Chancery Lane,Chancery<br />Lane,1,1,0,51.5174,-0.12,Holborn,NULL,1,2,0,"(-0.111100 51.518500, -0.120000 51.517400)"
48,250,2,51.5185,-0.1111,Chancery Lane,Chancery<br />Lane,1,1,0,51.5146,-0.0973,St. Paul's,St. Paul's,1,1,0,"(-0.111100 51.518500, -0.097300 51.514600)"
51,103,2,51.6177,0.0755,Chigwell,NULL,4,1,0,51.6132,0.0923,Grange Hill,Grange<br />Hill,4,1,0,"(0.075500 51.617700, 0.092300 51.613200)"
51,215,2,51.6177,0.0755,Chigwell,NULL,4,1,0,51.6171,0.0439,Roding Valley,Roding<br />Valley,4,1,0,"(0.075500 51.617700, 0.043900 51.617100)"
68,158,2,51.6455,0.0838,Debden,NULL,6,1,0,51.6412,0.0558,Loughton,NULL,6,1,0,"(0.083800 51.645500, 0.055800 51.641200)"
68,256,2,51.6455,0.0838,Debden,NULL,6,1,0,51.6717,0.1033,Theydon Bois,Theydon<br />Bois,6,1,0,"(0.083800 51.645500, 0.103300 51.671700)"
72,286,2,51.5152,-0.3017,Ealing Broadway,Ealing<br />Broadway,3,2,1,51.518,-0.2809,West Acton,West<br />Acton,3,1,0,"(-0.301700 51.515200, -0.280900 51.518000)"
76,181,2,51.5168,-0.2474,East Acton,East<br />Acton,2,1,0,51.5237,-0.2597,North Acton,North<br />Acton,2.5,1,0,"(-0.247400 51.516800, -0.259700 51.523700)"
76,296,2,51.5168,-0.2474,East Acton,East<br />Acton,2,1,0,51.512,-0.2239,White City,White<br />City,2,1,0,"(-0.247400 51.516800, -0.223900 51.512000)"
88,256,2,51.6937,0.1139,Epping,NULL,6,1,0,51.6717,0.1033,Theydon Bois,Theydon<br />Bois,6,1,0,"(0.113900 51.693700, 0.103300 51.671700)"
91,109,2,51.596,0.0912,Fairlop,NULL,4,1,0,51.603,0.0933,Hainault,NULL,4,1,0,"(0.091200 51.596000, 0.093300 51.603000)"
98,173,2,51.5765,0.0663,Gants Hill,Gants<br />Hill,4,1,0,51.5756,0.0899,Newbury Park,Newbury<br />Park,4,1,0,"(0.066300 51.576500, 0.089900 51.575600)"
98,211,2,51.5765,0.0663,Gants Hill,Gants<br />Hill,4,1,0,51.5763,0.0454,Redbridge,NULL,4,1,0,"(0.066300 51.576500, 0.045400 51.576300)"
103,109,2,51.6132,0.0923,Grange Hill,Grange<br />Hill,4,1,0,51.603,0.0933,Hainault,NULL,4,1,0,"(0.092300 51.613200, 0.093300 51.603000)"
105,177,2,51.5423,-0.3456,Greenford,NULL,4,1,1,51.5483,-0.36870000000000003,Northolt,NULL,5,1,0,"(-0.345600 51.542300, -0.368700 51.548300)"
105,196,2,51.5423,-0.3456,Greenford,NULL,4,1,1,51.5366,-0.3232,Perivale,NULL,4,1,0,"(-0.345600 51.542300, -0.323200 51.536600)"
112,181,2,51.5302,-0.2933,Hanger Lane,Hanger<br />Lane,3,1,0,51.5237,-0.2597,North Acton,North<br />Acton,2.5,1,0,"(-0.293300 51.530200, -0.259700 51.523700)"
112,196,2,51.5302,-0.2933,Hanger Lane,Hanger<br />Lane,3,1,0,51.5366,-0.3232,Perivale,NULL,4,1,0,"(-0.293300 51.530200, -0.323200 51.536600)"
126,259,2,51.5174,-0.12,Holborn,NULL,1,2,0,51.5165,-0.131,Tottenham Court Road,Tottenham<br />Court<br />Road,1,2,0,"(-0.120000 51.517400, -0.131000 51.516500)"
127,186,2,51.5075,-0.206,Holland Park,Holland<br />Park,2,1,0,51.5094,-0.1967,Notting Hill Gate,Notting<br />Hill Gate,1.5,3,0,"(-0.206000 51.507500, -0.196700 51.509400)"
127,226,2,51.5075,-0.206,Holland Park,Holland<br />Park,2,1,0,51.5046,-0.2187,Shepherd's Bush (C),Shepherd's<br />Bush,2,1,0,"(-0.206000 51.507500, -0.218700 51.504600)"
149,162,2,51.5119,-0.1756,Lancaster Gate,Lancaster<br />Gate,1,1,0,51.5136,-0.1586,Marble Arch,Marble<br />Arch,1,1,0,"(-0.175600 51.511900, -0.158600 51.513600)"
149,208,2,51.5119,-0.1756,Lancaster Gate,Lancaster<br />Gate,1,1,0,51.5107,-0.1877,Queensway,NULL,1,1,0,"(-0.175600 51.511900, -0.187700 51.510700)"
153,154,2,51.5566,-0.0053,Leyton,NULL,3,1,0,51.5683,0.0083,Leytonstone,NULL,3.5,1,0,"(-0.005300 51.556600, 0.008300 51.568300)"
153,247,2,51.5566,-0.0053,Leyton,NULL,3,1,0,51.5416,-0.0042,Stratford,NULL,2.5,3,1,"(-0.005300 51.556600, -0.004200 51.541600)"
154,230,2,51.5683,0.0083,Leytonstone,NULL,3.5,1,0,51.5808,0.0216,Snaresbrook,NULL,4,1,0,"(0.008300 51.568300, 0.021600 51.580800)"
154,275,2,51.5683,0.0083,Leytonstone,NULL,3.5,1,0,51.5775,0.0288,Wanstead,NULL,4,1,0,"(0.008300 51.568300, 0.028800 51.577500)"
164,247,2,51.5249,-0.0332,Mile End,Mile<br />End,2,3,0,51.5416,-0.0042,Stratford,NULL,2.5,3,1,"(-0.033200 51.524900, -0.004200 51.541600)"
177,239,2,51.5483,-0.36870000000000003,Northolt,NULL,5,1,0,51.5569,-0.3988,South Ruislip,South<br />Ruislip,5,1,1,"(-0.368700 51.548300, -0.398800 51.556900)"
181,286,2,51.5237,-0.2597,North Acton,North<br />Acton,2.5,1,0,51.518,-0.2809,West Acton,West<br />Acton,3,1,0,"(-0.259700 51.523700, -0.280900 51.518000)"
186,208,2,51.5094,-0.1967,Notting Hill Gate,Notting<br />Hill Gate,1.5,3,0,51.5107,-0.1877,Queensway,NULL,1,1,0,"(-0.196700 51.509400, -0.187700 51.510700)"
192,259,2,51.515,-0.1415,Oxford Circus,Oxford<br />Circus,1,3,0,51.5165,-0.131,Tottenham Court Road,Tottenham<br />Court<br />Road,1,2,0,"(-0.141500 51.515000, -0.131000 51.516500)"
211,275,2,51.5763,0.0454,Redbridge,NULL,4,1,0,51.5775,0.0288,Wanstead,NULL,4,1,0,"(0.045400 51.576300, 0.028800 51.577500)"
215,301,2,51.6171,0.0439,Roding Valley,Roding<br />Valley,4,1,0,51.607,0.0341,Woodford,NULL,4,1,0,"(0.043900 51.617100, 0.034100 51.607000)"
221,239,2,51.5606,-0.4103,Ruislip Gardens,Ruislip<br />Gardens,5,1,0,51.5569,-0.3988,South Ruislip,South<br />Ruislip,5,1,1,"(-0.410300 51.560600, -0.398800 51.556900)"
221,294,2,51.5606,-0.4103,Ruislip Gardens,Ruislip<br />Gardens,5,1,0,51.5696,-0.4376,West Ruislip,West<br />Ruislip,6,1,1,"(-0.410300 51.560600, -0.437600 51.569600)"
226,296,2,51.5046,-0.2187,Shepherd's Bush (C),Shepherd's<br />Bush,2,1,0,51.512,-0.2239,White City,White<br />City,2,1,0,"(-0.218700 51.504600, -0.223900 51.512000)"
230,241,2,51.5808,0.0216,Snaresbrook,NULL,4,1,0,51.5917,0.0275,South Woodford,South<br />Woodford,4,1,0,"(0.021600 51.580800, 0.027500 51.591700)"
241,301,2,51.5917,0.0275,South Woodford,South<br />Woodford,4,1,0,51.607,0.0341,Woodford,NULL,4,1,0,"(0.027500 51.591700, 0.034100 51.607000)"
2,156,3,51.5143,-0.0755,Aldgate,NULL,1,2,0,51.5178,-0.0823,Liverpool Street,Liverpool<br />Street,1,4,1,"(-0.075500 51.514300, -0.082300 51.517800)"
2,263,3,51.5143,-0.0755,Aldgate,NULL,1,2,0,51.5098,-0.0766,Tower Hill,Tower<br />Hill,1,2,0,"(-0.075500 51.514300, -0.076600 51.509800)"
11,83,3,51.5226,-0.1571,Baker Street,Baker<br />Street,1,5,0,51.5203,-0.17,Edgware Road (C),Edgware<br />Road,1,3,0,"(-0.157100 51.522600, -0.170000 51.520300)"
11,104,3,51.5226,-0.1571,Baker Street,Baker<br />Street,1,5,0,51.5238,-0.1439,Great Portland Street,Great<br />Portland<br />Street,1,3,0,"(-0.157100 51.522600, -0.143900 51.523800)"
14,92,3,51.5204,-0.0979,Barbican,NULL,1,3,0,51.5203,-0.1053,Farringdon,NULL,1,3,1,"(-0.097900 51.520400, -0.105300 51.520300)"
14,167,3,51.5204,-0.0979,Barbican,NULL,1,3,0,51.5186,-0.0886,Moorgate,NULL,1,4,1,"(-0.097900 51.520400, -0.088600 51.518600)"
18,186,3,51.5121,-0.1879,Bayswater,NULL,1,2,0,51.5094,-0.1967,Notting Hill Gate,Notting<br />Hill Gate,1.5,3,0,"(-0.187900 51.512100, -0.196700 51.509400)"
18,193,3,51.5121,-0.1879,Bayswater,NULL,1,2,0,51.5154,-0.1755,Paddington,NULL,1,4,1,"(-0.187900 51.512100, -0.175500 51.515400)"
25,161,3,51.512,-0.1031,Blackfriars,NULL,1,2,0,51.5122,-0.094,Mansion House,Mansion<br />House,1,2,0,"(-0.103100 51.512000, -0.094000 51.512200)"
25,255,3,51.512,-0.1031,Blackfriars,NULL,1,2,0,51.5111,-0.1141,Temple,NULL,1,2,0,"(-0.103100 51.512000, -0.114100 51.511100)"
44,161,3,51.5113,-0.0904,Cannon Street,Cannon<br />Street,1,2,0,51.5122,-0.094,Mansion House,Mansion<br />House,1,2,0,"(-0.090400 51.511300, -0.094000 51.512200)"
44,166,3,51.5113,-0.0904,Cannon Street,Cannon<br />Street,1,2,0,51.5108,-0.0863,Monument,NULL,1,2,0,"(-0.090400 51.511300, -0.086300 51.510800)"
83,193,3,51.5203,-0.17,Edgware Road (C),Edgware<br />Road,1,3,0,51.5154,-0.1755,Paddington,NULL,1,4,1,"(-0.170000 51.520300, -0.175500 51.515400)"
87,255,3,51.5074,-0.1223,Embankment,NULL,1,4,0,51.5111,-0.1141,Temple,NULL,1,2,0,"(-0.122300 51.507400, -0.114100 51.511100)"
87,285,3,51.5074,-0.1223,Embankment,NULL,1,4,0,51.501,-0.1254,Westminster,NULL,1,3,0,"(-0.122300 51.507400, -0.125400 51.501000)"
90,104,3,51.526,-0.1359,Euston Square,Euston<br />Square,1,3,0,51.5238,-0.1439,Great Portland Street,Great<br />Portland<br />Street,1,3,0,"(-0.135900 51.526000, -0.143900 51.523800)"
90,145,3,51.526,-0.1359,Euston Square,Euston<br />Square,1,3,0,51.5308,-0.1238,King's Cross St. Pancras,King's Cross<br />St. Pancras,1,6,1,"(-0.135900 51.526000, -0.123800 51.530800)"
92,145,3,51.5203,-0.1053,Farringdon,NULL,1,3,1,51.5308,-0.1238,King's Cross St. Pancras,King's Cross<br />St. Pancras,1,6,1,"(-0.105300 51.520300, -0.123800 51.530800)"
99,122,3,51.4945,-0.1829,Gloucester Road,Gloucester<br />Road,1,3,0,51.5009,-0.1925,High Street Kensington,High<br />Street<br />Kensington,1,2,0,"(-0.182900 51.494500, -0.192500 51.500900)"
99,236,3,51.4945,-0.1829,Gloucester Road,Gloucester<br />Road,1,3,0,51.4941,-0.1738,South Kensington,South<br />Kensington,1,3,0,"(-0.182900 51.494500, -0.173800 51.494100)"
122,186,3,51.5009,-0.1925,High Street Kensington,High<br />Street<br />Kensington,1,2,0,51.5094,-0.1967,Notting Hill Gate,Notting<br />Hill Gate,1.5,3,0,"(-0.192500 51.500900, -0.196700 51.509400)"
156,167,3,51.5178,-0.0823,Liverpool Street,Liverpool<br />Street,1,4,1,51.5186,-0.0886,Moorgate,NULL,1,4,1,"(-0.082300 51.517800, -0.088600 51.518600)"
150,309,3,51.5139,-0.2172,Latimer Road,Latimer<br />Road,2,1,0,51.510031,-0.224301,Wood Lane,Wood<br />Lane,2,2,0,"(-0.217200 51.513900, -0.224301 51.510031)"
166,263,3,51.5108,-0.0863,Monument,NULL,1,2,0,51.5098,-0.0766,Tower Hill,Tower<br />Hill,1,2,0,"(-0.086300 51.510800, -0.076600 51.509800)"
229,236,3,51.4924,-0.1565,Sloane Square,Sloane<br />Square,1,2,0,51.4941,-0.1738,South Kensington,South<br />Kensington,1,3,0,"(-0.156500 51.492400, -0.173800 51.494100)"
229,273,3,51.4924,-0.1565,Sloane Square,Sloane<br />Square,1,2,0,51.4965,-0.1447,Victoria,NULL,1,3,1,"(-0.156500 51.492400, -0.144700 51.496500)"
248,273,3,51.4994,-0.1335,St. James's Park,St. James's<br />Park,1,2,0,51.4965,-0.1447,Victoria,NULL,1,3,1,"(-0.133500 51.499400, -0.144700 51.496500)"
248,285,3,51.4994,-0.1335,St. James's Park,St. James's<br />Park,1,2,0,51.501,-0.1254,Westminster,NULL,1,3,0,"(-0.133500 51.499400, -0.125400 51.501000)"
309,227,3,51.510031,-0.224301,Wood Lane,Wood<br />Lane,2,2,0,51.5058,-0.2265,Shepherd's Bush (H),Shepherd's<br />Bush,2,1,0,"(-0.224301 51.510031, -0.226500 51.505800)"
3,263,4,51.5154,-0.0726,Aldgate East,Aldgate<br />East,1,2,0,51.5098,-0.0766,Tower Hill,Tower<br />Hill,1,2,0,"(-0.072600 51.515400, -0.076600 51.509800)"
3,295,4,51.5154,-0.0726,Aldgate East,Aldgate<br />East,1,2,0,51.5194,-0.0612,Whitechapel,NULL,2,3,0,"(-0.072600 51.515400, -0.061200 51.519400)"
15,78,4,51.5396,0.081,Barking,NULL,4,2,1,51.5394,0.0518,East Ham,East<br />Ham,3.5,2,0,"(0.081000 51.539600, 0.051800 51.539400)"
15,269,4,51.5396,0.081,Barking,NULL,4,2,1,51.5385,0.1014,Upney,NULL,4,1,0,"(0.081000 51.539600, 0.101400 51.538500)"
17,110,4,51.4905,-0.2139,Barons Court,Barons<br />Court,2,2,0,51.4936,-0.2251,Hammersmith,NULL,2,3,0,"(-0.213900 51.490500, -0.225100 51.493600)"
17,293,4,51.4905,-0.2139,Barons Court,Barons<br />Court,2,2,0,51.4907,-0.2065,West Kensington,West<br />Kensington,2,1,0,"(-0.213900 51.490500, -0.206500 51.490700)"
18,186,4,51.5121,-0.1879,Bayswater,NULL,1,2,0,51.5094,-0.1967,Notting Hill Gate,Notting<br />Hill Gate,1.5,3,0,"(-0.187900 51.512100, -0.196700 51.509400)"
18,193,4,51.5121,-0.1879,Bayswater,NULL,1,2,0,51.5154,-0.1755,Paddington,NULL,1,4,1,"(-0.187900 51.512100, -0.175500 51.515400)"
21,67,4,51.5403,0.127,Becontree,NULL,5,1,0,51.5417,0.1469,Dagenham Heathway,Dagenham<br />Heathway,5,1,0,"(0.127000 51.540300, 0.146900 51.541700)"
21,269,4,51.5403,0.127,Becontree,NULL,5,1,0,51.5385,0.1014,Upney,NULL,4,1,0,"(0.127000 51.540300, 0.101400 51.538500)"
25,161,4,51.512,-0.1031,Blackfriars,NULL,1,2,0,51.5122,-0.094,Mansion House,Mansion<br />House,1,2,0,"(-0.103100 51.512000, -0.094000 51.512200)"
25,255,4,51.512,-0.1031,Blackfriars,NULL,1,2,0,51.5111,-0.1141,Temple,NULL,1,2,0,"(-0.103100 51.512000, -0.114100 51.511100)"
33,36,4,51.5269,-0.0247,Bow Road,Bow<br />Road,2,2,0,51.5248,-0.0119,Bromley-By-Bow,NULL,2.5,2,0,"(-0.024700 51.526900, -0.011900 51.524800)"
33,164,4,51.5269,-0.0247,Bow Road,Bow<br />Road,2,2,0,51.5249,-0.0332,Mile End,Mile<br />End,2,3,0,"(-0.024700 51.526900, -0.033200 51.524900)"
36,289,4,51.5248,-0.0119,Bromley-By-Bow,NULL,2.5,2,0,51.5287,0.0056,West Ham,West<br />Ham,2.5,3,1,"(-0.011900 51.524800, 0.005600 51.528700)"
44,161,4,51.5113,-0.0904,Cannon Street,Cannon<br />Street,1,2,0,51.5122,-0.094,Mansion House,Mansion<br />House,1,2,0,"(-0.090400 51.511300, -0.094000 51.512200)"
44,166,4,51.5113,-0.0904,Cannon Street,Cannon<br />Street,1,2,0,51.5108,-0.0863,Monument,NULL,1,2,0,"(-0.090400 51.511300, -0.086300 51.510800)"
52,1,4,51.4946,-0.2678,Chiswick Park,Chiswick<br />Park,3,1,0,51.5028,-0.2801,Acton Town,Acton<br />Town,3,2,0,"(-0.267800 51.494600, -0.280100 51.502800)"
52,265,4,51.4946,-0.2678,Chiswick Park,Chiswick<br />Park,3,1,0,51.4951,-0.2547,Turnham Green,Turnham<br />Green,2.5,2,0,"(-0.267800 51.494600, -0.254700 51.495100)"
66,67,4,51.5443,0.1655,Dagenham East,Dagenham<br />East,5,1,0,51.5417,0.1469,Dagenham Heathway,Dagenham<br />Heathway,5,1,0,"(0.165500 51.544300, 0.146900 51.541700)"
66,85,4,51.5443,0.1655,Dagenham East,Dagenham<br />East,5,1,0,51.5496,0.1977,Elm Park,Elm<br />Park,6,1,0,"(0.165500 51.544300, 0.197700 51.549600)"
72,73,4,51.5152,-0.3017,Ealing Broadway,Ealing<br />Broadway,3,2,1,51.5101,-0.2882,Ealing Common,Ealing<br />Common,3,2,0,"(-0.301700 51.515200, -0.288200 51.510100)"
73,1,4,51.5101,-0.2882,Ealing Common,Ealing<br />Common,3,2,0,51.5028,-0.2801,Acton Town,Acton<br />Town,3,2,0,"(-0.288200 51.510100, -0.280100 51.502800)"
74,99,4,51.492,-0.1973,Earl's Court,Earl's<br />Court,1.5,2,0,51.4945,-0.1829,Gloucester Road,Gloucester<br />Road,1,3,0,"(-0.197300 51.492000, -0.182900 51.494500)"
74,122,4,51.492,-0.1973,Earl's Court,Earl's<br />Court,1.5,2,0,51.5009,-0.1925,High Street Kensington,High<br />Street<br />Kensington,1,2,0,"(-0.197300 51.492000, -0.192500 51.500900)"
74,138,4,51.492,-0.1973,Earl's Court,Earl's<br />Court,1.5,2,0,51.4983,-0.2106,Kensington (Olympia),Kensington<br />(Olympia),2,1,1,"(-0.197300 51.492000, -0.210600 51.498300)"
74,287,4,51.492,-0.1973,Earl's Court,Earl's<br />Court,1.5,2,0,51.4872,-0.1953,West Brompton,West<br />Brompton,2,1,1,"(-0.197300 51.492000, -0.195300 51.487200)"
74,293,4,51.492,-0.1973,Earl's Court,Earl's<br />Court,1.5,2,0,51.4907,-0.2065,West Kensington,West<br />Kensington,2,1,0,"(-0.197300 51.492000, -0.206500 51.490700)"
78,270,4,51.5394,0.0518,East Ham,East<br />Ham,3.5,2,0,51.5352,0.0343,Upton Park,Upton<br />Park,3,2,0,"(0.051800 51.539400, 0.034300 51.535200)"
80,205,4,51.4586,-0.2112,East Putney,East<br />Putney,2.5,1,0,51.4682,-0.2089,Putney Bridge,Putney<br />Bridge,2,1,0,"(-0.211200 51.458600, -0.208900 51.468200)"
80,231,4,51.4586,-0.2112,East Putney,East<br />Putney,2.5,1,0,51.4454,-0.2066,Southfields,NULL,3,1,0,"(-0.211200 51.458600, -0.206600 51.445400)"
83,193,4,51.5203,-0.17,Edgware Road (C),Edgware<br />Road,1,3,0,51.5154,-0.1755,Paddington,NULL,1,4,1,"(-0.170000 51.520300, -0.175500 51.515400)"
85,129,4,51.5496,0.1977,Elm Park,Elm<br />Park,6,1,0,51.5539,0.2184,Hornchurch,NULL,6,1,0,"(0.197700 51.549600, 0.218400 51.553900)"
87,255,4,51.5074,-0.1223,Embankment,NULL,1,4,0,51.5111,-0.1141,Temple,NULL,1,2,0,"(-0.122300 51.507400, -0.114100 51.511100)"
87,285,4,51.5074,-0.1223,Embankment,NULL,1,4,0,51.501,-0.1254,Westminster,NULL,1,3,0,"(-0.122300 51.507400, -0.125400 51.501000)"
96,195,4,51.4804,-0.195,Fulham Broadway,Fulham<br />Broadway,2,1,0,51.4753,-0.2011,Parsons Green,Parsons<br />Green,2,1,0,"(-0.195000 51.480400, -0.201100 51.475300)"
96,287,4,51.4804,-0.195,Fulham Broadway,Fulham<br />Broadway,2,1,0,51.4872,-0.1953,West Brompton,West<br />Brompton,2,1,1,"(-0.195000 51.480400, -0.195300 51.487200)"
99,236,4,51.4945,-0.1829,Gloucester Road,Gloucester<br />Road,1,3,0,51.4941,-0.1738,South Kensington,South<br />Kensington,1,3,0,"(-0.182900 51.494500, -0.173800 51.494100)"
108,141,4,51.4915,-0.2754,Gunnersbury,NULL,3,1,0,51.477,-0.285,Kew Gardens,Kew<br />Gardens,3.5,1,0,"(-0.275400 51.491500, -0.285000 51.477000)"
108,265,4,51.4915,-0.2754,Gunnersbury,NULL,3,1,0,51.4951,-0.2547,Turnham Green,Turnham<br />Green,2.5,2,0,"(-0.275400 51.491500, -0.254700 51.495100)"
110,209,4,51.4936,-0.2251,Hammersmith,NULL,2,3,0,51.4942,-0.2359,Ravenscourt Park,Ravenscourt<br />Park,2,1,0,"(-0.225100 51.493600, -0.235900 51.494200)"
122,186,4,51.5009,-0.1925,High Street Kensington,High<br />Street<br />Kensington,1,2,0,51.5094,-0.1967,Notting Hill Gate,Notting<br />Hill Gate,1.5,3,0,"(-0.192500 51.500900, -0.196700 51.509400)"
129,268,4,51.5539,0.2184,Hornchurch,NULL,6,1,0,51.5582,0.2343,Upminster Bridge,Upminster<br />Bridge,6,1,0,"(0.218400 51.553900, 0.234300 51.558200)"
141,213,4,51.477,-0.285,Kew Gardens,Kew<br />Gardens,3.5,1,0,51.4633,-0.3013,Richmond,NULL,4,1,1,"(-0.285000 51.477000, -0.301300 51.463300)"
164,244,4,51.5249,-0.0332,Mile End,Mile<br />End,2,3,0,51.5221,-0.047,Stepney Green,Stepney<br />Green,2,2,0,"(-0.033200 51.524900, -0.047000 51.522100)"
166,263,4,51.5108,-0.0863,Monument,NULL,1,2,0,51.5098,-0.0766,Tower Hill,Tower<br />Hill,1,2,0,"(-0.086300 51.510800, -0.076600 51.509800)"
195,205,4,51.4753,-0.2011,Parsons Green,Parsons<br />Green,2,1,0,51.4682,-0.2089,Putney Bridge,Putney<br />Bridge,2,1,0,"(-0.201100 51.475300, -0.208900 51.468200)"
200,270,4,51.5313,0.0172,Plaistow,NULL,3,2,0,51.5352,0.0343,Upton Park,Upton<br />Park,3,2,0,"(0.017200 51.531300, 0.034300 51.535200)"
200,289,4,51.5313,0.0172,Plaistow,NULL,3,2,0,51.5287,0.0056,West Ham,West<br />Ham,2.5,3,1,"(0.017200 51.531300, 0.005600 51.528700)"
209,242,4,51.4942,-0.2359,Ravenscourt Park,Ravenscourt<br />Park,2,1,0,51.495,-0.2459,Stamford Brook,Stamford<br />Brook,2,1,0,"(-0.235900 51.494200, -0.245900 51.495000)"
229,236,4,51.4924,-0.1565,Sloane Square,Sloane<br />Square,1,2,0,51.4941,-0.1738,South Kensington,South<br />Kensington,1,3,0,"(-0.156500 51.492400, -0.173800 51.494100)"
229,273,4,51.4924,-0.1565,Sloane Square,Sloane<br />Square,1,2,0,51.4965,-0.1447,Victoria,NULL,1,3,1,"(-0.156500 51.492400, -0.144700 51.496500)"
231,300,4,51.4454,-0.2066,Southfields,NULL,3,1,0,51.4343,-0.1992,Wimbledon Park,Wimbledon<br />Park,3,1,0,"(-0.206600 51.445400, -0.199200 51.434300)"
242,265,4,51.495,-0.2459,Stamford Brook,Stamford<br />Brook,2,1,0,51.4951,-0.2547,Turnham Green,Turnham<br />Green,2.5,2,0,"(-0.245900 51.495000, -0.254700 51.495100)"
244,295,4,51.5221,-0.047,Stepney Green,Stepney<br />Green,2,2,0,51.5194,-0.0612,Whitechapel,NULL,2,3,0,"(-0.047000 51.522100, -0.061200 51.519400)"
248,273,4,51.4994,-0.1335,St. James's Park,St. James's<br />Park,1,2,0,51.4965,-0.1447,Victoria,NULL,1,3,1,"(-0.133500 51.499400, -0.144700 51.496500)"
248,285,4,51.4994,-0.1335,St. James's Park,St. James's<br />Park,1,2,0,51.501,-0.1254,Westminster,NULL,1,3,0,"(-0.133500 51.499400, -0.125400 51.501000)"
267,268,4,51.559,0.251,Upminster,NULL,6,1,1,51.5582,0.2343,Upminster Bridge,Upminster<br />Bridge,6,1,0,"(0.251000 51.559000, 0.234300 51.558200)"
299,300,4,51.4214,-0.2064,Wimbledon,NULL,3,1,1,51.4343,-0.1992,Wimbledon Park,Wimbledon<br />Park,3,1,0,"(-0.206400 51.421400, -0.199200 51.434300)"
41,216,5,51.4982,-0.0502,Canada Water,Canada<br />Water,2,2,0,51.501,-0.0525,Rotherhithe,NULL,2,1,0,"(-0.050200 51.498200, -0.052500 51.501000)"
41,253,5,51.4982,-0.0502,Canada Water,Canada<br />Water,2,2,0,51.4933,-0.0478,Surrey Quays,Surrey<br />Quays,2,1,0,"(-0.050200 51.498200, -0.047800 51.493300)"
174,253,5,51.4767,-0.0327,New Cross,New<br />Cross,2,1,1,51.4933,-0.0478,Surrey Quays,Surrey<br />Quays,2,1,0,"(-0.032700 51.476700, -0.047800 51.493300)"
175,253,5,51.4757,-0.0402,New Cross Gate,New<br />Cross<br />Gate,2,1,1,51.4933,-0.0478,Surrey Quays,Surrey<br />Quays,2,1,0,"(-0.040200 51.475700, -0.047800 51.493300)"
216,276,5,51.501,-0.0525,Rotherhithe,NULL,2,1,0,51.5043,-0.0558,Wapping,NULL,2,1,0,"(-0.052500 51.501000, -0.055800 51.504300)"
225,276,5,51.5117,-0.056,Shadwell,NULL,2,2,0,51.5043,-0.0558,Wapping,NULL,2,1,0,"(-0.056000 51.511700, -0.055800 51.504300)"
225,295,5,51.5117,-0.056,Shadwell,NULL,2,2,0,51.5194,-0.0612,Whitechapel,NULL,2,3,0,"(-0.056000 51.511700, -0.061200 51.519400)"
228,295,5,51.5227,-0.0708,Shoreditch,NULL,2,1,0,51.5194,-0.0612,Whitechapel,NULL,2,3,0,"(-0.070800 51.522700, -0.061200 51.519400)"
3,156,6,51.5154,-0.0726,Aldgate East,Aldgate<br />East,1,2,0,51.5178,-0.0823,Liverpool Street,Liverpool<br />Street,1,4,1,"(-0.072600 51.515400, -0.082300 51.517800)"
3,295,6,51.5154,-0.0726,Aldgate East,Aldgate<br />East,1,2,0,51.5194,-0.0612,Whitechapel,NULL,2,3,0,"(-0.072600 51.515400, -0.061200 51.519400)"
11,83,6,51.5226,-0.1571,Baker Street,Baker<br />Street,1,5,0,51.5203,-0.17,Edgware Road (C),Edgware<br />Road,1,3,0,"(-0.157100 51.522600, -0.170000 51.520300)"
11,104,6,51.5226,-0.1571,Baker Street,Baker<br />Street,1,5,0,51.5238,-0.1439,Great Portland Street,Great<br />Portland<br />Street,1,3,0,"(-0.157100 51.522600, -0.143900 51.523800)"
14,92,6,51.5204,-0.0979,Barbican,NULL,1,3,0,51.5203,-0.1053,Farringdon,NULL,1,3,1,"(-0.097900 51.520400, -0.105300 51.520300)"
14,167,6,51.5204,-0.0979,Barbican,NULL,1,3,0,51.5186,-0.0886,Moorgate,NULL,1,4,1,"(-0.097900 51.520400, -0.088600 51.518600)"
15,78,6,51.5396,0.081,Barking,NULL,4,2,1,51.5394,0.0518,East Ham,East<br />Ham,3.5,2,0,"(0.081000 51.539600, 0.051800 51.539400)"
33,36,6,51.5269,-0.0247,Bow Road,Bow<br />Road,2,2,0,51.5248,-0.0119,Bromley-By-Bow,NULL,2.5,2,0,"(-0.024700 51.526900, -0.011900 51.524800)"
33,164,6,51.5269,-0.0247,Bow Road,Bow<br />Road,2,2,0,51.5249,-0.0332,Mile End,Mile<br />End,2,3,0,"(-0.024700 51.526900, -0.033200 51.524900)"
36,289,6,51.5248,-0.0119,Bromley-By-Bow,NULL,2.5,2,0,51.5287,0.0056,West Ham,West<br />Ham,2.5,3,1,"(-0.011900 51.524800, 0.005600 51.528700)"
78,270,6,51.5394,0.0518,East Ham,East<br />Ham,3.5,2,0,51.5352,0.0343,Upton Park,Upton<br />Park,3,2,0,"(0.051800 51.539400, 0.034300 51.535200)"
83,193,6,51.5203,-0.17,Edgware Road (C),Edgware<br />Road,1,3,0,51.5154,-0.1755,Paddington,NULL,1,4,1,"(-0.170000 51.520300, -0.175500 51.515400)"
90,104,6,51.526,-0.1359,Euston Square,Euston<br />Square,1,3,0,51.5238,-0.1439,Great Portland Street,Great<br />Portland<br />Street,1,3,0,"(-0.135900 51.526000, -0.143900 51.523800)"
90,145,6,51.526,-0.1359,Euston Square,Euston<br />Square,1,3,0,51.5308,-0.1238,King's Cross St. Pancras,King's Cross<br />St. Pancras,1,6,1,"(-0.135900 51.526000, -0.123800 51.530800)"
92,145,6,51.5203,-0.1053,Farringdon,NULL,1,3,1,51.5308,-0.1238,King's Cross St. Pancras,King's Cross<br />St. Pancras,1,6,1,"(-0.105300 51.520300, -0.123800 51.530800)"
101,110,6,51.5018,-0.2267,Goldhawk Road,Goldhawk<br />Road,2,1,0,51.4936,-0.2251,Hammersmith,NULL,2,3,0,"(-0.226700 51.501800, -0.225100 51.493600)"
101,227,6,51.5018,-0.2267,Goldhawk Road,Goldhawk<br />Road,2,1,0,51.5058,-0.2265,Shepherd's Bush (H),Shepherd's<br />Bush,2,1,0,"(-0.226700 51.501800, -0.226500 51.505800)"
147,150,6,51.5172,-0.2107,Ladbroke Grove,Ladbroke<br />Grove,2,1,0,51.5139,-0.2172,Latimer Road,Latimer<br />Road,2,1,0,"(-0.210700 51.517200, -0.217200 51.513900)"
147,283,6,51.5172,-0.2107,Ladbroke Grove,Ladbroke<br />Grove,2,1,0,51.521,-0.2011,Westbourne Park,Westbourne<br />Park,2,1,0,"(-0.210700 51.517200, -0.201100 51.521000)"
150,227,6,51.5139,-0.2172,Latimer Road,Latimer<br />Road,2,1,0,51.5058,-0.2265,Shepherd's Bush (H),Shepherd's<br />Bush,2,1,0,"(-0.217200 51.513900, -0.226500 51.505800)"
150,309,6,51.5139,-0.2172,Latimer Road,Latimer<br />Road,2,1,0,51.510031,-0.224301,Wood Lane,Wood<br />Lane,2,2,0,"(-0.217200 51.513900, -0.224301 51.510031)"
156,167,6,51.5178,-0.0823,Liverpool Street,Liverpool<br />Street,1,4,1,51.5186,-0.0886,Moorgate,NULL,1,4,1,"(-0.082300 51.517800, -0.088600 51.518600)"
164,244,6,51.5249,-0.0332,Mile End,Mile<br />End,2,3,0,51.5221,-0.047,Stepney Green,Stepney<br />Green,2,2,0,"(-0.033200 51.524900, -0.047000 51.522100)"
193,218,6,51.5154,-0.1755,Paddington,NULL,1,4,1,51.519,-0.188,Royal Oak,Royal<br />Oak,2,1,0,"(-0.175500 51.515400, -0.188000 51.519000)"
200,270,6,51.5313,0.0172,Plaistow,NULL,3,2,0,51.5352,0.0343,Upton Park,Upton<br />Park,3,2,0,"(0.017200 51.531300, 0.034300 51.535200)"
200,289,6,51.5313,0.0172,Plaistow,NULL,3,2,0,51.5287,0.0056,West Ham,West<br />Ham,2.5,3,1,"(0.017200 51.531300, 0.005600 51.528700)"
218,283,6,51.519,-0.188,Royal Oak,Royal<br />Oak,2,1,0,51.521,-0.2011,Westbourne Park,Westbourne<br />Park,2,1,0,"(-0.188000 51.519000, -0.201100 51.521000)"
244,295,6,51.5221,-0.047,Stepney Green,Stepney<br />Green,2,2,0,51.5194,-0.0612,Whitechapel,NULL,2,3,0,"(-0.047000 51.522100, -0.061200 51.519400)"
309,227,6,51.510031,-0.224301,Wood Lane,Wood<br />Lane,2,2,0,51.5058,-0.2265,Shepherd's Bush (H),Shepherd's<br />Bush,2,1,0,"(-0.224301 51.510031, -0.226500 51.505800)"
11,28,7,51.5226,-0.1571,Baker Street,Baker<br />Street,1,5,0,51.5142,-0.1494,Bond Street,Bond<br />Street,1,2,0,"(-0.157100 51.522600, -0.149400 51.514200)"
11,249,7,51.5226,-0.1571,Baker Street,Baker<br />Street,1,5,0,51.5347,-0.174,St. John's Wood,St. John's<br />Wood,2,1,0,"(-0.157100 51.522600, -0.174000 51.534700)"
23,41,7,51.4979,-0.0637,Bermondsey,NULL,2,1,0,51.4982,-0.0502,Canada Water,Canada<br />Water,2,2,0,"(-0.063700 51.497900, -0.050200 51.498200)"
23,157,7,51.4979,-0.0637,Bermondsey,NULL,2,1,0,51.5052,-0.0864,London Bridge,London<br />Bridge,1,2,1,"(-0.063700 51.497900, -0.086400 51.505200)"
28,107,7,51.5142,-0.1494,Bond Street,Bond<br />Street,1,2,0,51.5067,-0.1428,Green Park,Green<br />Park,1,3,0,"(-0.149400 51.514200, -0.142800 51.506700)"
41,42,7,51.4982,-0.0502,Canada Water,Canada<br />Water,2,2,0,51.5051,-0.0209,Canary Wharf,Canary<br />Wharf,2,2,0,"(-0.050200 51.498200, -0.020900 51.505100)"
42,183,7,51.5051,-0.0209,Canary Wharf,Canary<br />Wharf,2,2,0,51.5005,0.0039,North Greenwich,North<br />Greenwich,2.5,1,0,"(-0.020900 51.505100, 0.003900 51.500500)"
43,183,7,51.5147,0.0082,Canning Town,Canning<br />Town,2.5,2,1,51.5005,0.0039,North Greenwich,North<br />Greenwich,2.5,1,0,"(0.008200 51.514700, 0.003900 51.500500)"
43,289,7,51.5147,0.0082,Canning Town,Canning<br />Town,2.5,2,1,51.5287,0.0056,West Ham,West<br />Ham,2.5,3,1,"(0.008200 51.514700, 0.005600 51.528700)"
45,207,7,51.6078,-0.2947,Canons Park,Canons<br />Park,5,1,0,51.5942,-0.2861,Queensbury,NULL,4,1,0,"(-0.294700 51.607800, -0.286100 51.594200)"
45,243,7,51.6078,-0.2947,Canons Park,Canons<br />Park,5,1,0,51.6194,-0.3028,Stanmore,NULL,5,1,0,"(-0.294700 51.607800, -0.302800 51.619400)"
71,172,7,51.552,-0.2387,Dollis Hill,Dollis<br />Hill,3,1,0,51.5542,-0.2503,Neasden,NULL,3,1,0,"(-0.238700 51.552000, -0.250300 51.554200)"
71,297,7,51.552,-0.2387,Dollis Hill,Dollis<br />Hill,3,1,0,51.5492,-0.2215,Willesden Green,Willesden<br />Green,2.5,1,0,"(-0.238700 51.552000, -0.221500 51.549200)"
94,254,7,51.5472,-0.1803,Finchley Road,Finchley<br />Road,2,2,0,51.5432,-0.1738,Swiss Cottage,Swiss<br />Cottage,2,2,0,"(-0.180300 51.547200, -0.173800 51.543200)"
94,290,7,51.5472,-0.1803,Finchley Road,Finchley<br />Road,2,2,0,51.5469,-0.1906,West Hampstead,West<br />Hampstead,2,1,1,"(-0.180300 51.547200, -0.190600 51.546900)"
107,285,7,51.5067,-0.1428,Green Park,Green<br />Park,1,3,0,51.501,-0.1254,Westminster,NULL,1,3,0,"(-0.142800 51.506700, -0.125400 51.501000)"
142,290,7,51.5471,-0.2047,Kilburn,NULL,2,1,0,51.5469,-0.1906,West Hampstead,West<br />Hampstead,2,1,1,"(-0.204700 51.547100, -0.190600 51.546900)"
142,297,7,51.5471,-0.2047,Kilburn,NULL,2,1,0,51.5492,-0.2215,Willesden Green,Willesden<br />Green,2.5,1,0,"(-0.204700 51.547100, -0.221500 51.549200)"
144,207,7,51.5846,-0.2786,Kingsbury,NULL,4,1,0,51.5942,-0.2861,Queensbury,NULL,4,1,0,"(-0.278600 51.584600, -0.286100 51.594200)"
144,282,7,51.5846,-0.2786,Kingsbury,NULL,4,1,0,51.5635,-0.2795,Wembley Park,Wembley<br />Park,4,2,0,"(-0.278600 51.584600, -0.279500 51.563500)"
157,233,7,51.5052,-0.0864,London Bridge,London<br />Bridge,1,2,1,51.504,-0.1052,Southwark,NULL,1,1,0,"(-0.086400 51.505200, -0.105200 51.504000)"
172,282,7,51.5542,-0.2503,Neasden,NULL,3,1,0,51.5635,-0.2795,Wembley Park,Wembley<br />Park,4,2,0,"(-0.250300 51.554200, -0.279500 51.563500)"
233,279,7,51.504,-0.1052,Southwark,NULL,1,1,0,51.5036,-0.1143,Waterloo,NULL,1,4,1,"(-0.105200 51.504000, -0.114300 51.503600)"
247,289,7,51.5416,-0.0042,Stratford,NULL,2.5,3,1,51.5287,0.0056,West Ham,West<br />Ham,2.5,3,1,"(-0.004200 51.541600, 0.005600 51.528700)"
249,254,7,51.5347,-0.174,St. John's Wood,St. John's<br />Wood,2,1,0,51.5432,-0.1738,Swiss Cottage,Swiss<br />Cottage,2,2,0,"(-0.174000 51.534700, -0.173800 51.543200)"
279,285,7,51.5036,-0.1143,Waterloo,NULL,1,4,1,51.501,-0.1254,Westminster,NULL,1,3,0,"(-0.114300 51.503600, -0.125400 51.501000)"
2,156,8,51.5143,-0.0755,Aldgate,NULL,1,2,0,51.5178,-0.0823,Liverpool Street,Liverpool<br />Street,1,4,1,"(-0.075500 51.514300, -0.082300 51.517800)"
6,46,8,51.6736,-0.607,Amersham,NULL,9,1,1,51.6679,-0.561,Chalfont & Latimer,Chalfont &<br />Latimer,8,1,1,"(-0.607000 51.673600, -0.561000 51.667900)"
11,94,8,51.5226,-0.1571,Baker Street,Baker<br />Street,1,5,0,51.5472,-0.1803,Finchley Road,Finchley<br />Road,2,2,0,"(-0.157100 51.522600, -0.180300 51.547200)"
11,104,8,51.5226,-0.1571,Baker Street,Baker<br />Street,1,5,0,51.5238,-0.1439,Great Portland Street,Great<br />Portland<br />Street,1,3,0,"(-0.157100 51.522600, -0.143900 51.523800)"
14,92,8,51.5204,-0.0979,Barbican,NULL,1,3,0,51.5203,-0.1053,Farringdon,NULL,1,3,1,"(-0.097900 51.520400, -0.105300 51.520300)"
14,167,8,51.5204,-0.0979,Barbican,NULL,1,3,0,51.5186,-0.0886,Moorgate,NULL,1,4,1,"(-0.097900 51.520400, -0.088600 51.518600)"
46,50,8,51.6679,-0.561,Chalfont & Latimer,Chalfont &<br />Latimer,8,1,1,51.7052,-0.611,Chesham,NULL,9,1,0,"(-0.561000 51.667900, -0.611000 51.705200)"
46,53,8,51.6679,-0.561,Chalfont & Latimer,Chalfont &<br />Latimer,8,1,1,51.6543,-0.5183,Chorleywood,NULL,7,1,0,"(-0.561000 51.667900, -0.518300 51.654300)"
53,214,8,51.6543,-0.5183,Chorleywood,NULL,7,1,0,51.6404,-0.4733,Rickmansworth,NULL,7,1,0,"(-0.518300 51.654300, -0.473300 51.640400)"
62,168,8,51.647,-0.4412,Croxley,NULL,7,1,0,51.6294,-0.432,Moor Park,Moor<br />Park,6.5,1,0,"(-0.441200 51.647000, -0.432000 51.629400)"
62,280,8,51.647,-0.4412,Croxley,NULL,7,1,0,51.6573,-0.4177,Watford,NULL,7,1,0,"(-0.441200 51.647000, -0.417700 51.657300)"
75,210,8,51.5765,-0.397,Eastcote,NULL,5,2,0,51.5753,-0.3714,Rayners Lane,Rayners<br />Lane,5,2,0,"(-0.397000 51.576500, -0.371400 51.575300)"
75,222,8,51.5765,-0.397,Eastcote,NULL,5,2,0,51.5732,-0.4125,Ruislip Manor,Ruislip<br />Manor,6,2,0,"(-0.397000 51.576500, -0.412500 51.573200)"
90,104,8,51.526,-0.1359,Euston Square,Euston<br />Square,1,3,0,51.5238,-0.1439,Great Portland Street,Great<br />Portland<br />Street,1,3,0,"(-0.135900 51.526000, -0.143900 51.523800)"
90,145,8,51.526,-0.1359,Euston Square,Euston<br />Square,1,3,0,51.5308,-0.1238,King's Cross St. Pancras,King's Cross<br />St. Pancras,1,6,1,"(-0.135900 51.526000, -0.123800 51.530800)"
92,145,8,51.5203,-0.1053,Farringdon,NULL,1,3,1,51.5308,-0.1238,King's Cross St. Pancras,King's Cross<br />St. Pancras,1,6,1,"(-0.105300 51.520300, -0.123800 51.530800)"
94,282,8,51.5472,-0.1803,Finchley Road,Finchley<br />Road,2,2,0,51.5635,-0.2795,Wembley Park,Wembley<br />Park,4,2,0,"(-0.180300 51.547200, -0.279500 51.563500)"
115,178,8,51.5793,-0.3366,Harrow-on-the-Hill,Harrow-<br />on-the-Hill,5,1,1,51.5784,-0.3184,Northwick Park,Northwick<br />Park,4,1,0,"(-0.336600 51.579300, -0.318400 51.578400)"
115,184,8,51.5793,-0.3366,Harrow-on-the-Hill,Harrow-<br />on-the-Hill,5,1,1,51.5846,-0.3626,North Harrow,North<br />Harrow,5,1,0,"(-0.336600 51.579300, -0.362600 51.584600)"
115,291,8,51.5793,-0.3366,Harrow-on-the-Hill,Harrow-<br />on-the-Hill,5,1,1,51.5795,-0.3533,West Harrow,West<br />Harrow,5,1,0,"(-0.336600 51.579300, -0.353300 51.579500)"
125,134,8,51.5538,-0.4499,Hillingdon,NULL,6,2,0,51.5619,-0.4421,Ickenham,NULL,6,2,0,"(-0.449900 51.553800, -0.442100 51.561900)"
125,271,8,51.5538,-0.4499,Hillingdon,NULL,6,2,0,51.5463,-0.4786,Uxbridge,NULL,6,2,0,"(-0.449900 51.553800, -0.478600 51.546300)"
134,220,8,51.5619,-0.4421,Ickenham,NULL,6,2,0,51.5715,-0.4213,Ruislip,NULL,6,2,0,"(-0.442100 51.561900, -0.421300 51.571500)"
156,167,8,51.5178,-0.0823,Liverpool Street,Liverpool<br />Street,1,4,1,51.5186,-0.0886,Moorgate,NULL,1,4,1,"(-0.082300 51.517800, -0.088600 51.518600)"
168,179,8,51.6294,-0.432,Moor Park,Moor<br />Park,6.5,1,0,51.6111,-0.424,Northwood,NULL,6,1,0,"(-0.432000 51.629400, -0.424000 51.611100)"
168,214,8,51.6294,-0.432,Moor Park,Moor<br />Park,6.5,1,0,51.6404,-0.4733,Rickmansworth,NULL,7,1,0,"(-0.432000 51.629400, -0.473300 51.640400)"
178,202,8,51.5784,-0.3184,Northwick Park,Northwick<br />Park,4,1,0,51.572,-0.2954,Preston Road,Preston<br />Road,4,1,0,"(-0.318400 51.578400, -0.295400 51.572000)"
179,180,8,51.6111,-0.424,Northwood,NULL,6,1,0,51.6004,-0.4092,Northwood Hills,Northwood<br />Hills,6,1,0,"(-0.424000 51.611100, -0.409200 51.600400)"
180,199,8,51.6004,-0.4092,Northwood Hills,Northwood<br />Hills,6,1,0,51.5926,-0.3805,Pinner,NULL,5,1,0,"(-0.409200 51.600400, -0.380500 51.592600)"
184,199,8,51.5846,-0.3626,North Harrow,North<br />Harrow,5,1,0,51.5926,-0.3805,Pinner,NULL,5,1,0,"(-0.362600 51.584600, -0.380500 51.592600)"
202,282,8,51.572,-0.2954,Preston Road,Preston<br />Road,4,1,0,51.5635,-0.2795,Wembley Park,Wembley<br />Park,4,2,0,"(-0.295400 51.572000, -0.279500 51.563500)"
210,291,8,51.5753,-0.3714,Rayners Lane,Rayners<br />Lane,5,2,0,51.5795,-0.3533,West Harrow,West<br />Harrow,5,1,0,"(-0.371400 51.575300, -0.353300 51.579500)"
220,222,8,51.5715,-0.4213,Ruislip,NULL,6,2,0,51.5732,-0.4125,Ruislip Manor,Ruislip<br />Manor,6,2,0,"(-0.421300 51.571500, -0.412500 51.573200)"
7,145,9,51.5322,-0.1058,Angel,NULL,1,1,0,51.5308,-0.1238,King's Cross St. Pancras,King's Cross<br />St. Pancras,1,6,1,"(-0.105800 51.532200, -0.123800 51.530800)"
7,188,9,51.5322,-0.1058,Angel,NULL,1,1,0,51.5263,-0.0873,Old Street,Old<br />Street,1,1,1,"(-0.105800 51.532200, -0.087300 51.526300)"
8,124,9,51.5653,-0.1353,Archway,NULL,2.5,1,0,51.5777,-0.1458,Highgate,NULL,3,1,0,"(-0.135300 51.565300, -0.145800 51.577700)"
8,264,9,51.5653,-0.1353,Archway,NULL,2.5,1,0,51.5567,-0.1374,Tufnell Park,Tufnell<br />Park,2,1,0,"(-0.135300 51.565300, -0.137400 51.556700)"
12,56,9,51.4431,-0.1525,Balham,NULL,3,1,1,51.4527,-0.148,Clapham South,Clapham<br />South,2.5,1,0,"(-0.152500 51.443100, -0.148000 51.452700)"
12,257,9,51.4431,-0.1525,Balham,NULL,3,1,1,51.4361,-0.1598,Tooting Bec,Tooting<br />Bec,3,1,0,"(-0.152500 51.443100, -0.159800 51.436100)"
13,157,9,51.5133,-0.0886,Bank,NULL,1,4,0,51.5052,-0.0864,London Bridge,London<br />Bridge,1,2,1,"(-0.088600 51.513300, -0.086400 51.505200)"
13,167,9,51.5133,-0.0886,Bank,NULL,1,4,0,51.5186,-0.0886,Moorgate,NULL,1,4,1,"(-0.088600 51.513300, -0.088600 51.518600)"
22,47,9,51.5504,-0.1642,Belsize Park,Belsize<br />Park,2,1,0,51.5441,-0.1538,Chalk Farm,Chalk<br />Farm,2,1,0,"(-0.164200 51.550400, -0.153800 51.544100)"
22,111,9,51.5504,-0.1642,Belsize Park,Belsize<br />Park,2,1,0,51.5568,-0.178,Hampstead,NULL,2.5,1,0,"(-0.164200 51.550400, -0.178000 51.556800)"
29,84,9,51.5011,-0.0943,Borough,NULL,1,1,0,51.4943,-0.1001,Elephant & Castle,Elephant &<br />Castle,1.5,2,1,"(-0.094300 51.501100, -0.100100 51.494300)"
29,157,9,51.5011,-0.0943,Borough,NULL,1,1,0,51.5052,-0.0864,London Bridge,London<br />Bridge,1,2,1,"(-0.094300 51.501100, -0.086400 51.505200)"
34,100,9,51.5766,-0.2136,Brent Cross,Brent<br />Cross,3,1,0,51.5724,-0.1941,Golders Green,Golders<br />Green,3,1,0,"(-0.213600 51.576600, -0.194100 51.572400)"
34,119,9,51.5766,-0.2136,Brent Cross,Brent<br />Cross,3,1,0,51.5829,-0.2259,Hendon Central,Hendon<br />Central,3.5,1,0,"(-0.213600 51.576600, -0.225900 51.582900)"
38,58,9,51.6028,-0.2641,Burnt Oak,Burnt<br />Oak,4,1,0,51.5955,-0.2502,Colindale,NULL,4,1,0,"(-0.264100 51.602800, -0.250200 51.595500)"
38,81,9,51.6028,-0.2641,Burnt Oak,Burnt<br />Oak,4,1,0,51.6137,-0.275,Edgware,NULL,5,1,0,"(-0.264100 51.602800, -0.275000 51.613700)"
40,47,9,51.5392,-0.1426,Camden Town,Camden<br />Town,2,1,0,51.5441,-0.1538,Chalk Farm,Chalk<br />Farm,2,1,0,"(-0.142600 51.539200, -0.153800 51.544100)"
40,89,9,51.5392,-0.1426,Camden Town,Camden<br />Town,2,1,0,51.5282,-0.1337,Euston,NULL,1,2,1,"(-0.142600 51.539200, -0.133700 51.528200)"
40,139,9,51.5392,-0.1426,Camden Town,Camden<br />Town,2,1,0,51.5507,-0.1402,Kentish Town,Kentish<br />Town,2,1,1,"(-0.142600 51.539200, -0.140200 51.550700)"
40,170,9,51.5392,-0.1426,Camden Town,Camden<br />Town,2,1,0,51.5342,-0.1387,Mornington Crescent,Mornington<br />Crescent,2,1,0,"(-0.142600 51.539200, -0.138700 51.534200)"
49,87,9,51.508,-0.1247,Charing Cross,Charing<br />Cross,1,2,1,51.5074,-0.1223,Embankment,NULL,1,4,0,"(-0.124700 51.508000, -0.122300 51.507400)"
49,151,9,51.508,-0.1247,Charing Cross,Charing<br />Cross,1,2,1,51.5113,-0.1281,Leicester Square,Leicester<br />Square,1,2,0,"(-0.124700 51.508000, -0.128100 51.511300)"
54,55,9,51.4618,-0.1384,Clapham Common,Clapham<br />Common,2,1,0,51.4649,-0.1299,Clapham North,Clapham<br />North,2,1,0,"(-0.138400 51.461800, -0.129900 51.464900)"
54,56,9,51.4618,-0.1384,Clapham Common,Clapham<br />Common,2,1,0,51.4527,-0.148,Clapham South,Clapham<br />South,2.5,1,0,"(-0.138400 51.461800, -0.148000 51.452700)"
55,245,9,51.4649,-0.1299,Clapham North,Clapham<br />North,2,1,0,51.4723,-0.123,Stockwell,NULL,2,2,0,"(-0.129900 51.464900, -0.123000 51.472300)"
58,119,9,51.5955,-0.2502,Colindale,NULL,4,1,0,51.5829,-0.2259,Hendon Central,Hendon<br />Central,3.5,1,0,"(-0.250200 51.595500, -0.225900 51.582900)"
59,240,9,51.418,-0.1778,Colliers Wood,Colliers<br />Wood,3,1,0,51.4154,-0.1919,South Wimbledon,South<br />Wimbledon,3.5,1,0,"(-0.177800 51.418000, -0.191900 51.415400)"
59,258,9,51.418,-0.1778,Colliers Wood,Colliers<br />Wood,3,1,0,51.4275,-0.168,Tooting Broadway,Tooting<br />Broadway,3,1,0,"(-0.177800 51.418000, -0.168000 51.427500)"
77,93,9,51.5874,-0.165,East Finchley,East<br />Finchley,3,1,0,51.6012,-0.1932,Finchley Central,Finchley<br />Central,4,1,0,"(-0.165000 51.587400, -0.193200 51.601200)"
77,124,9,51.5874,-0.165,East Finchley,East<br />Finchley,3,1,0,51.5777,-0.1458,Highgate,NULL,3,1,0,"(-0.165000 51.587400, -0.145800 51.577700)"
84,136,9,51.4943,-0.1001,Elephant & Castle,Elephant &<br />Castle,1.5,2,1,51.4884,-0.1053,Kennington,NULL,2,1,0,"(-0.100100 51.494300, -0.105300 51.488400)"
87,279,9,51.5074,-0.1223,Embankment,NULL,1,4,0,51.5036,-0.1143,Waterloo,NULL,1,4,1,"(-0.122300 51.507400, -0.114300 51.503600)"
89,145,9,51.5282,-0.1337,Euston,NULL,1,2,1,51.5308,-0.1238,King's Cross St. Pancras,King's Cross<br />St. Pancras,1,6,1,"(-0.133700 51.528200, -0.123800 51.530800)"
89,170,9,51.5282,-0.1337,Euston,NULL,1,2,1,51.5342,-0.1387,Mornington Crescent,Mornington<br />Crescent,2,1,0,"(-0.133700 51.528200, -0.138700 51.534200)"
89,277,9,51.5282,-0.1337,Euston,NULL,1,2,1,51.5247,-0.1384,Warren Street,Warren<br />Street,1,2,0,"(-0.133700 51.528200, -0.138400 51.524700)"
93,165,9,51.6012,-0.1932,Finchley Central,Finchley<br />Central,4,1,0,51.6082,-0.2103,Mill Hill East,Mill<br />Hill<br />East,4,1,0,"(-0.193200 51.601200, -0.210300 51.608200)"
93,288,9,51.6012,-0.1932,Finchley Central,Finchley<br />Central,4,1,0,51.6095,-0.1883,West Finchley,West<br />Finchley,4,1,0,"(-0.193200 51.601200, -0.188300 51.609500)"
100,111,9,51.5724,-0.1941,Golders Green,Golders<br />Green,3,1,0,51.5568,-0.178,Hampstead,NULL,2.5,1,0,"(-0.194100 51.572400, -0.178000 51.556800)"
102,259,9,51.5205,-0.1347,Goodge Street,Goodge<br />Street,1,1,0,51.5165,-0.131,Tottenham Court Road,Tottenham<br />Court<br />Road,1,2,0,"(-0.134700 51.520500, -0.131000 51.516500)"
102,277,9,51.5205,-0.1347,Goodge Street,Goodge<br />Street,1,1,0,51.5247,-0.1384,Warren Street,Warren<br />Street,1,2,0,"(-0.134700 51.520500, -0.138400 51.524700)"
121,261,9,51.6503,-0.1943,High Barnet,High<br />Barnet,5,1,0,51.6302,-0.1791,Totteridge & Whetstone,Totteridge<br />& Whetstone,4,1,0,"(-0.194300 51.650300, -0.179100 51.630200)"
136,191,9,51.4884,-0.1053,Kennington,NULL,2,1,0,51.4819,-0.113,Oval,NULL,2,1,0,"(-0.105300 51.488400, -0.113000 51.481900)"
136,279,9,51.4884,-0.1053,Kennington,NULL,2,1,0,51.5036,-0.1143,Waterloo,NULL,1,4,1,"(-0.105300 51.488400, -0.114300 51.503600)"
139,264,9,51.5507,-0.1402,Kentish Town,Kentish<br />Town,2,1,1,51.5567,-0.1374,Tufnell Park,Tufnell<br />Park,2,1,0,"(-0.140200 51.550700, -0.137400 51.556700)"
151,259,9,51.5113,-0.1281,Leicester Square,Leicester<br />Square,1,2,0,51.5165,-0.131,Tottenham Court Road,Tottenham<br />Court<br />Road,1,2,0,"(-0.128100 51.511300, -0.131000 51.516500)"
167,188,9,51.5186,-0.0886,Moorgate,NULL,1,4,1,51.5263,-0.0873,Old Street,Old<br />Street,1,1,1,"(-0.088600 51.518600, -0.087300 51.526300)"
169,240,9,51.4022,-0.1948,Morden,NULL,4,1,0,51.4154,-0.1919,South Wimbledon,South<br />Wimbledon,3.5,1,0,"(-0.194800 51.402200, -0.191900 51.415400)"
191,245,9,51.4819,-0.113,Oval,NULL,2,1,0,51.4723,-0.123,Stockwell,NULL,2,2,0,"(-0.113000 51.481900, -0.123000 51.472300)"
257,258,9,51.4361,-0.1598,Tooting Bec,Tooting<br />Bec,3,1,0,51.4275,-0.168,Tooting Broadway,Tooting<br />Broadway,3,1,0,"(-0.159800 51.436100, -0.168000 51.427500)"
261,302,9,51.6302,-0.1791,Totteridge & Whetstone,Totteridge<br />& Whetstone,4,1,0,51.6179,-0.1856,Woodside Park,Woodside<br />Park,4,1,0,"(-0.179100 51.630200, -0.185600 51.617900)"
288,302,9,51.6095,-0.1883,West Finchley,West<br />Finchley,4,1,0,51.6179,-0.1856,Woodside Park,Woodside<br />Park,4,1,0,"(-0.188300 51.609500, -0.185600 51.617900)"
1,73,10,51.5028,-0.2801,Acton Town,Acton<br />Town,3,2,0,51.5101,-0.2882,Ealing Common,Ealing<br />Common,3,2,0,"(-0.280100 51.502800, -0.288200 51.510100)"
1,234,10,51.5028,-0.2801,Acton Town,Acton<br />Town,3,2,0,51.5011,-0.3072,South Ealing,South<br />Ealing,3,1,0,"(-0.280100 51.502800, -0.307200 51.501100)"
1,265,10,51.5028,-0.2801,Acton Town,Acton<br />Town,3,2,0,51.4951,-0.2547,Turnham Green,Turnham<br />Green,2.5,2,0,"(-0.280100 51.502800, -0.254700 51.495100)"
5,194,10,51.5407,-0.2997,Alperton,NULL,4,1,0,51.527,-0.2841,Park Royal,Park<br />Royal,3,1,0,"(-0.299700 51.540700, -0.284100 51.527000)"
5,252,10,51.5407,-0.2997,Alperton,NULL,4,1,0,51.5507,-0.3156,Sudbury Town,Sudbury<br />Town,4,1,0,"(-0.299700 51.540700, -0.315600 51.550700)"
9,31,10,51.6164,-0.1331,Arnos Grove,Arnos<br />Grove,4,1,0,51.6071,-0.1243,Bounds Green,Bounds<br />Green,3.5,1,0,"(-0.133100 51.616400, -0.124300 51.607100)"
9,232,10,51.6164,-0.1331,Arnos Grove,Arnos<br />Grove,4,1,0,51.6322,-0.128,Southgate,NULL,4,1,0,"(-0.133100 51.616400, -0.128000 51.632200)"
10,95,10,51.5586,-0.1059,Arsenal,NULL,2,1,0,51.5642,-0.1065,Finsbury Park,Finsbury<br />Park,2,1,1,"(-0.105900 51.558600, -0.106500 51.564200)"
10,128,10,51.5586,-0.1059,Arsenal,NULL,2,1,0,51.5526,-0.1132,Holloway Road,Holloway<br />Road,2,1,0,"(-0.105900 51.558600, -0.113200 51.552600)"
17,74,10,51.4905,-0.2139,Barons Court,Barons<br />Court,2,2,0,51.492,-0.1973,Earl's Court,Earl's<br />Court,1.5,2,0,"(-0.213900 51.490500, -0.197300 51.492000)"
17,110,10,51.4905,-0.2139,Barons Court,Barons<br />Court,2,2,0,51.4936,-0.2251,Hammersmith,NULL,2,3,0,"(-0.213900 51.490500, -0.225100 51.493600)"
30,176,10,51.4956,-0.325,Boston Manor,Boston<br />Manor,4,1,0,51.4995,-0.3142,Northfields,NULL,3,1,0,"(-0.325000 51.495600, -0.314200 51.499500)"
30,190,10,51.4956,-0.325,Boston Manor,Boston<br />Manor,4,1,0,51.4813,-0.3522,Osterley,NULL,4,1,0,"(-0.325000 51.495600, -0.352200 51.481300)"
31,303,10,51.6071,-0.1243,Bounds Green,Bounds<br />Green,3.5,1,0,51.5975,-0.1097,Wood Green,Wood<br />Green,3,1,0,"(-0.124300 51.607100, -0.109700 51.597500)"
39,128,10,51.5481,-0.1188,Caledonian Road,Caledonian<br />Road,2,1,0,51.5526,-0.1132,Holloway Road,Holloway<br />Road,2,1,0,"(-0.118800 51.548100, -0.113200 51.552600)"
39,145,10,51.5481,-0.1188,Caledonian Road,Caledonian<br />Road,2,1,0,51.5308,-0.1238,King's Cross St. Pancras,King's Cross<br />St. Pancras,1,6,1,"(-0.118800 51.548100, -0.123800 51.530800)"
57,187,10,51.6517,-0.1496,Cockfosters,NULL,5,1,0,51.6476,-0.1318,Oakwood,NULL,5,1,0,"(-0.149600 51.651700, -0.131800 51.647600)"
60,126,10,51.5129,-0.1243,Covent Garden,Covent<br />Garden,1,1,0,51.5174,-0.12,Holborn,NULL,1,2,0,"(-0.124300 51.512900, -0.120000 51.517400)"
60,151,10,51.5129,-0.1243,Covent Garden,Covent<br />Garden,1,1,0,51.5113,-0.1281,Leicester Square,Leicester<br />Square,1,2,0,"(-0.124300 51.512900, -0.128100 51.511300)"
73,182,10,51.5101,-0.2882,Ealing Common,Ealing<br />Common,3,2,0,51.5175,-0.2887,North Ealing,North<br />Ealing,3,1,0,"(-0.288200 51.510100, -0.288700 51.517500)"
74,99,10,51.492,-0.1973,Earl's Court,Earl's<br />Court,1.5,2,0,51.4945,-0.1829,Gloucester Road,Gloucester<br />Road,1,3,0,"(-0.197300 51.492000, -0.182900 51.494500)"
75,210,10,51.5765,-0.397,Eastcote,NULL,5,2,0,51.5753,-0.3714,Rayners Lane,Rayners<br />Lane,5,2,0,"(-0.397000 51.576500, -0.371400 51.575300)"
75,222,10,51.5765,-0.397,Eastcote,NULL,5,2,0,51.5732,-0.4125,Ruislip Manor,Ruislip<br />Manor,6,2,0,"(-0.397000 51.576500, -0.412500 51.573200)"
95,160,10,51.5642,-0.1065,Finsbury Park,Finsbury<br />Park,2,1,1,51.5712,-0.0958,Manor House,Manor<br />House,2.5,1,0,"(-0.106500 51.564200, -0.095800 51.571200)"
99,236,10,51.4945,-0.1829,Gloucester Road,Gloucester<br />Road,1,3,0,51.4941,-0.1738,South Kensington,South<br />Kensington,1,3,0,"(-0.182900 51.494500, -0.173800 51.494100)"
107,133,10,51.5067,-0.1428,Green Park,Green<br />Park,1,3,0,51.5027,-0.1527,Hyde Park Corner,Hyde<br />Park<br />Corner,1,1,0,"(-0.142800 51.506700, -0.152700 51.502700)"
107,197,10,51.5067,-0.1428,Green Park,Green<br />Park,1,3,0,51.5098,-0.1342,Piccadilly Circus,Piccadilly<br />Circus,1,2,0,"(-0.142800 51.506700, -0.134200 51.509800)"
110,265,10,51.4936,-0.2251,Hammersmith,NULL,2,3,0,51.4951,-0.2547,Turnham Green,Turnham<br />Green,2.5,2,0,"(-0.225100 51.493600, -0.254700 51.495100)"
116,117,10,51.4669,-0.4227,Hatton Cross,Hatton<br />Cross,5.5,1,0,51.4713,-0.4524,"Heathrow Terminals 1, 2 & 3","Heathrow<br />Terminals<br />1, 2 & 3",6,1,0,"(-0.422700 51.466900, -0.452400 51.471300)"
116,118,10,51.4669,-0.4227,Hatton Cross,Hatton<br />Cross,5.5,1,0,51.4598,-0.4476,Heathrow Terminal 4,Heathrow<br />Terminal 4,6,1,0,"(-0.422700 51.466900, -0.447600 51.459800)"
116,132,10,51.4669,-0.4227,Hatton Cross,Hatton<br />Cross,5.5,1,0,51.4734,-0.3855,Hounslow West,Hounslow<br />West,5,1,0,"(-0.422700 51.466900, -0.385500 51.473400)"
117,118,10,51.4713,-0.4524,"Heathrow Terminals 1, 2 & 3","Heathrow<br />Terminals<br />1, 2 & 3",6,1,0,51.4598,-0.4476,Heathrow Terminal 4,Heathrow<br />Terminal 4,6,1,0,"(-0.452400 51.471300, -0.447600 51.459800)"
117,308,10,51.4713,-0.4524,"Heathrow Terminals 1, 2 & 3","Heathrow<br />Terminals<br />1, 2 & 3",6,1,0,51.47006,-0.49108,Heathrow Terminal 5,Heathrow<br />Terminal 5,6,1,1,"(-0.452400 51.471300, -0.491080 51.470060)"
125,134,10,51.5538,-0.4499,Hillingdon,NULL,6,2,0,51.5619,-0.4421,Ickenham,NULL,6,2,0,"(-0.449900 51.553800, -0.442100 51.561900)"
125,271,10,51.5538,-0.4499,Hillingdon,NULL,6,2,0,51.5463,-0.4786,Uxbridge,NULL,6,2,0,"(-0.449900 51.553800, -0.478600 51.546300)"
126,223,10,51.5174,-0.12,Holborn,NULL,1,2,0,51.523,-0.1244,Russell Square,Russell<br />Square,1,1,0,"(-0.120000 51.517400, -0.124400 51.523000)"
130,131,10,51.4713,-0.3665,Hounslow Central,Hounslow<br />Central,4,1,0,51.4733,-0.3564,Hounslow East,Hounslow<br />East,4,1,0,"(-0.366500 51.471300, -0.356400 51.473300)"
130,132,10,51.4713,-0.3665,Hounslow Central,Hounslow<br />Central,4,1,0,51.4734,-0.3855,Hounslow West,Hounslow<br />West,5,1,0,"(-0.366500 51.471300, -0.385500 51.473400)"
131,190,10,51.4733,-0.3564,Hounslow East,Hounslow<br />East,4,1,0,51.4813,-0.3522,Osterley,NULL,4,1,0,"(-0.356400 51.473300, -0.352200 51.481300)"
133,146,10,51.5027,-0.1527,Hyde Park Corner,Hyde<br />Park<br />Corner,1,1,0,51.5015,-0.1607,Knightsbridge,NULL,1,1,0,"(-0.152700 51.502700, -0.160700 51.501500)"
134,220,10,51.5619,-0.4421,Ickenham,NULL,6,2,0,51.5715,-0.4213,Ruislip,NULL,6,2,0,"(-0.442100 51.561900, -0.421300 51.571500)"
145,223,10,51.5308,-0.1238,King's Cross St. Pancras,King's Cross<br />St. Pancras,1,6,1,51.523,-0.1244,Russell Square,Russell<br />Square,1,1,0,"(-0.123800 51.530800, -0.124400 51.523000)"
146,236,10,51.5015,-0.1607,Knightsbridge,NULL,1,1,0,51.4941,-0.1738,South Kensington,South<br />Kensington,1,3,0,"(-0.160700 51.501500, -0.173800 51.494100)"
151,197,10,51.5113,-0.1281,Leicester Square,Leicester<br />Square,1,2,0,51.5098,-0.1342,Piccadilly Circus,Piccadilly<br />Circus,1,2,0,"(-0.128100 51.511300, -0.134200 51.509800)"
160,266,10,51.5712,-0.0958,Manor House,Manor<br />House,2.5,1,0,51.5904,-0.1028,Turnpike Lane,Turnpike<br />Lane,3,1,0,"(-0.095800 51.571200, -0.102800 51.590400)"
176,234,10,51.4995,-0.3142,Northfields,NULL,3,1,0,51.5011,-0.3072,South Ealing,South<br />Ealing,3,1,0,"(-0.314200 51.499500, -0.307200 51.501100)"
182,194,10,51.5175,-0.2887,North Ealing,North<br />Ealing,3,1,0,51.527,-0.2841,Park Royal,Park<br />Royal,3,1,0,"(-0.288700 51.517500, -0.284100 51.527000)"
187,232,10,51.6476,-0.1318,Oakwood,NULL,5,1,0,51.6322,-0.128,Southgate,NULL,4,1,0,"(-0.131800 51.647600, -0.128000 51.632200)"
210,235,10,51.5753,-0.3714,Rayners Lane,Rayners<br />Lane,5,2,0,51.5646,-0.3521,South Harrow,South<br />Harrow,5,1,0,"(-0.371400 51.575300, -0.352100 51.564600)"
220,222,10,51.5715,-0.4213,Ruislip,NULL,6,2,0,51.5732,-0.4125,Ruislip Manor,Ruislip<br />Manor,6,2,0,"(-0.421300 51.571500, -0.412500 51.573200)"
235,251,10,51.5646,-0.3521,South Harrow,South<br />Harrow,5,1,0,51.5569,-0.3366,Sudbury Hill,Sudbury<br />Hill,4,1,0,"(-0.352100 51.564600, -0.336600 51.556900)"
251,252,10,51.5569,-0.3366,Sudbury Hill,Sudbury<br />Hill,4,1,0,51.5507,-0.3156,Sudbury Town,Sudbury<br />Town,4,1,0,"(-0.336600 51.556900, -0.315600 51.550700)"
266,303,10,51.5904,-0.1028,Turnpike Lane,Turnpike<br />Lane,3,1,0,51.5975,-0.1097,Wood Green,Wood<br />Green,3,1,0,"(-0.102800 51.590400, -0.109700 51.597500)"
26,260,11,51.5867,-0.0417,Blackhorse Road,Blackhorse<br />Road,3,1,1,51.5882,-0.0594,Tottenham Hale,Tottenham<br />Hale,3,1,1,"(-0.041700 51.586700, -0.059400 51.588200)"
26,274,11,51.5867,-0.0417,Blackhorse Road,Blackhorse<br />Road,3,1,1,51.583,-0.0195,Walthamstow Central,Walthamstow<br />Central,3,1,1,"(-0.041700 51.586700, -0.019500 51.583000)"
35,245,11,51.4627,-0.1145,Brixton,NULL,2,1,1,51.4723,-0.123,Stockwell,NULL,2,2,0,"(-0.114500 51.462700, -0.123000 51.472300)"
89,145,11,51.5282,-0.1337,Euston,NULL,1,2,1,51.5308,-0.1238,King's Cross St. Pancras,King's Cross<br />St. Pancras,1,6,1,"(-0.133700 51.528200, -0.123800 51.530800)"
89,277,11,51.5282,-0.1337,Euston,NULL,1,2,1,51.5247,-0.1384,Warren Street,Warren<br />Street,1,2,0,"(-0.133700 51.528200, -0.138400 51.524700)"
95,123,11,51.5642,-0.1065,Finsbury Park,Finsbury<br />Park,2,1,1,51.546,-0.104,Highbury & Islington,Highbury &<br />Islington,2,1,1,"(-0.106500 51.564200, -0.104000 51.546000)"
95,224,11,51.5642,-0.1065,Finsbury Park,Finsbury<br />Park,2,1,1,51.5822,-0.0749,Seven Sisters,Seven<br />Sisters,3,1,1,"(-0.106500 51.564200, -0.074900 51.582200)"
107,192,11,51.5067,-0.1428,Green Park,Green<br />Park,1,3,0,51.515,-0.1415,Oxford Circus,Oxford<br />Circus,1,3,0,"(-0.142800 51.506700, -0.141500 51.515000)"
107,273,11,51.5067,-0.1428,Green Park,Green<br />Park,1,3,0,51.4965,-0.1447,Victoria,NULL,1,3,1,"(-0.142800 51.506700, -0.144700 51.496500)"
123,145,11,51.546,-0.104,Highbury & Islington,Highbury &<br />Islington,2,1,1,51.5308,-0.1238,King's Cross St. Pancras,King's Cross<br />St. Pancras,1,6,1,"(-0.104000 51.546000, -0.123800 51.530800)"
192,277,11,51.515,-0.1415,Oxford Circus,Oxford<br />Circus,1,3,0,51.5247,-0.1384,Warren Street,Warren<br />Street,1,2,0,"(-0.141500 51.515000, -0.138400 51.524700)"
198,272,11,51.4893,-0.1334,Pimlico,NULL,1,1,0,51.4861,-0.1253,Vauxhall,NULL,1.5,1,1,"(-0.133400 51.489300, -0.125300 51.486100)"
198,273,11,51.4893,-0.1334,Pimlico,NULL,1,1,0,51.4965,-0.1447,Victoria,NULL,1,3,1,"(-0.133400 51.489300, -0.144700 51.496500)"
224,260,11,51.5822,-0.0749,Seven Sisters,Seven<br />Sisters,3,1,1,51.5882,-0.0594,Tottenham Hale,Tottenham<br />Hale,3,1,1,"(-0.074900 51.582200, -0.059400 51.588200)"
245,272,11,51.4723,-0.123,Stockwell,NULL,2,2,0,51.4861,-0.1253,Vauxhall,NULL,1.5,1,1,"(-0.123000 51.472300, -0.125300 51.486100)"
13,279,12,51.5133,-0.0886,Bank,NULL,1,4,0,51.5036,-0.1143,Waterloo,NULL,1,4,1,"(-0.088600 51.513300, -0.114300 51.503600)"
4,70,13,51.5107,-0.013,All Saints,All<br />Saints,2,1,0,51.5223,-0.0173,Devons Road,Devons<br />Road,2,1,0,"(-0.013000 51.510700, -0.017300 51.522300)"
4,201,13,51.5107,-0.013,All Saints,All<br />Saints,2,1,0,51.5077,-0.0173,Poplar,NULL,2,1,0,"(-0.013000 51.510700, -0.017300 51.507700)"
13,225,13,51.5133,-0.0886,Bank,NULL,1,4,0,51.5117,-0.056,Shadwell,NULL,2,2,0,"(-0.088600 51.513300, -0.056000 51.511700)"
19,97,13,51.5148,0.0613,Beckton,NULL,3,1,0,51.5096,0.0716,Gallions Reach,Gallions<br />Reach,3,1,0,"(0.061300 51.514800, 0.071600 51.509600)"
20,65,13,51.5087,0.055,Beckton Park,Beckton<br />Park,3,1,0,51.5085,0.064,Cyprus,NULL,3,1,0,"(0.055000 51.508700, 0.064000 51.508500)"
20,217,13,51.5087,0.055,Beckton Park,Beckton<br />Park,3,1,0,51.5084,0.0465,Royal Albert,Royal<br />Albert,3,1,0,"(0.055000 51.508700, 0.046500 51.508400)"
27,79,13,51.5079,-0.0066,Blackwall,NULL,2,1,0,51.5093,-0.0021,East India,East<br />India,2.5,1,0,"(-0.006600 51.507900, -0.002100 51.509300)"
27,201,13,51.5079,-0.0066,Blackwall,NULL,2,1,0,51.5077,-0.0173,Poplar,NULL,2,1,0,"(-0.006600 51.507900, -0.017300 51.507700)"
32,70,13,51.5273,-0.0208,Bow Church,Bow<br />Church,2,1,0,51.5223,-0.0173,Devons Road,Devons<br />Road,2,1,0,"(-0.020800 51.527300, -0.017300 51.522300)"
32,204,13,51.5273,-0.0208,Bow Church,Bow<br />Church,2,1,0,51.5343,-0.0139,Pudding Mill Lane,Pudding<br />Mill Lane,2.5,1,0,"(-0.020800 51.527300, -0.013900 51.534300)"
42,120,13,51.5051,-0.0209,Canary Wharf,Canary<br />Wharf,2,2,0,51.5033,-0.0215,Heron Quays,Heron<br />Quays,2,1,0,"(-0.020900 51.505100, -0.021500 51.503300)"
42,292,13,51.5051,-0.0209,Canary Wharf,Canary<br />Wharf,2,2,0,51.507,-0.0203,West India Quay,West<br />India<br />Quay,2,1,0,"(-0.020900 51.505100, -0.020300 51.507000)"
43,79,13,51.5147,0.0082,Canning Town,Canning<br />Town,2.5,2,1,51.5093,-0.0021,East India,East<br />India,2.5,1,0,"(0.008200 51.514700, -0.002100 51.509300)"
43,219,13,51.5147,0.0082,Canning Town,Canning<br />Town,2.5,2,1,51.5091,0.0181,Royal Victoria,Royal<br />Victoria,3,1,0,"(0.008200 51.514700, 0.018100 51.509100)"
43,304,13,51.5147,0.0082,Canning Town,Canning<br />Town,2.5,2,1,51.5027,0.0226,West Silvertown,West<br />Silvertown,3,1,0,"(0.008200 51.514700, 0.022600 51.502700)"
61,171,13,51.4957,-0.0144,Crossharbour & London Arena,Crossharbour &<br />London Arena,2,1,0,51.4902,-0.0145,Mudchute,NULL,2,1,0,"(-0.014400 51.495700, -0.014500 51.490200)"
61,238,13,51.4957,-0.0144,Crossharbour & London Arena,Crossharbour &<br />London Arena,2,1,0,51.5007,-0.0191,South Quay,South<br />Quay,2,1,0,"(-0.014400 51.495700, -0.019100 51.500700)"
63,203,13,51.5095,0.0276,Custom House,Custom<br />House,3,1,0,51.5093,0.0336,Prince Regent,Prince<br />Regent,3,1,0,"(0.027600 51.509500, 0.033600 51.509300)"
63,219,13,51.5095,0.0276,Custom House,Custom<br />House,3,1,0,51.5091,0.0181,Royal Victoria,Royal<br />Victoria,3,1,0,"(0.027600 51.509500, 0.018100 51.509100)"
64,106,13,51.4827,-0.0096,Cutty Sark,Cutty<br />Sark,2.5,1,0,51.4781,-0.0149,Greenwich,NULL,2.5,1,1,"(-0.009600 51.482700, -0.014900 51.478100)"
64,135,13,51.4827,-0.0096,Cutty Sark,Cutty<br />Sark,2.5,1,0,51.4871,-0.0101,Island Gardens,Island<br />Gardens,2,1,0,"(-0.009600 51.482700, -0.010100 51.487100)"
65,97,13,51.5085,0.064,Cyprus,NULL,3,1,0,51.5096,0.0716,Gallions Reach,Gallions<br />Reach,3,1,0,"(0.064000 51.508500, 0.071600 51.509600)"
69,86,13,51.474,-0.0216,Deptford Bridge,Deptford<br />Bridge,2.5,1,0,51.4693,-0.0174,Elverson Road,Elverson<br />Road,2.5,1,0,"(-0.021600 51.474000, -0.017400 51.469300)"
69,106,13,51.474,-0.0216,Deptford Bridge,Deptford<br />Bridge,2.5,1,0,51.4781,-0.0149,Greenwich,NULL,2.5,1,1,"(-0.021600 51.474000, -0.014900 51.478100)"
86,152,13,51.4693,-0.0174,Elverson Road,Elverson<br />Road,2.5,1,0,51.4657,-0.0142,Lewisham,NULL,2.5,1,1,"(-0.017400 51.469300, -0.014200 51.465700)"
120,238,13,51.5033,-0.0215,Heron Quays,Heron<br />Quays,2,1,0,51.5007,-0.0191,South Quay,South<br />Quay,2,1,0,"(-0.021500 51.503300, -0.019100 51.500700)"
135,171,13,51.4871,-0.0101,Island Gardens,Island<br />Gardens,2,1,0,51.4902,-0.0145,Mudchute,NULL,2,1,0,"(-0.010100 51.487100, -0.014500 51.490200)"
155,225,13,51.5123,-0.0396,Limehouse,NULL,2,1,1,51.5117,-0.056,Shadwell,NULL,2,2,0,"(-0.039600 51.512300, -0.056000 51.511700)"
155,284,13,51.5123,-0.0396,Limehouse,NULL,2,1,1,51.5097,-0.0265,Westferry,NULL,2,1,0,"(-0.039600 51.512300, -0.026500 51.509700)"
201,284,13,51.5077,-0.0173,Poplar,NULL,2,1,0,51.5097,-0.0265,Westferry,NULL,2,1,0,"(-0.017300 51.507700, -0.026500 51.509700)"
201,292,13,51.5077,-0.0173,Poplar,NULL,2,1,0,51.507,-0.0203,West India Quay,West<br />India<br />Quay,2,1,0,"(-0.017300 51.507700, -0.020300 51.507000)"
203,217,13,51.5093,0.0336,Prince Regent,Prince<br />Regent,3,1,0,51.5084,0.0465,Royal Albert,Royal<br />Albert,3,1,0,"(0.033600 51.509300, 0.046500 51.508400)"
204,247,13,51.5343,-0.0139,Pudding Mill Lane,Pudding<br />Mill Lane,2.5,1,0,51.5416,-0.0042,Stratford,NULL,2.5,3,1,"(-0.013900 51.534300, -0.004200 51.541600)"
225,262,13,51.5117,-0.056,Shadwell,NULL,2,2,0,51.5106,-0.0743,Tower Gateway,Tower<br />Gateway,1,1,0,"(-0.056000 51.511700, -0.074300 51.510600)"
284,292,13,51.5097,-0.0265,Westferry,NULL,2,1,0,51.507,-0.0203,West India Quay,West<br />India<br />Quay,2,1,0,"(-0.026500 51.509700, -0.020300 51.507000)"
304,305,13,51.5027,0.0226,West Silvertown,West<br />Silvertown,3,1,0,51.5021,0.0319,Pontoon Dock,Pontoon<br />Dock,3,1,0,"(0.022600 51.502700, 0.031900 51.502100)"
305,306,13,51.5021,0.0319,Pontoon Dock,Pontoon<br />Dock,3,1,0,51.5037,0.0488,London City Airport,London<br />City<br />Airport,3,1,0,"(0.031900 51.502100, 0.048800 51.503700)"
306,307,13,51.5037,0.0488,London City Airport,London<br />City<br />Airport,3,1,0,51.502,0.0627,King George V,King<br />George V,3,1,0,"(0.048800 51.503700, 0.062700 51.502000)"
